Census year,Block ID,Property ID,Base property ID,CLUE small area,Trading name,Business address,Industry (ANZSIC4) code,Industry (ANZSIC4) description,Longitude,Latitude
2022,1109,573327,573327,Docklands,New Quay Asian Grocery,15-17 Rakaia Way DOCKLANDS VIC 3008,4110,Supermarket and Grocery Stores,144.94067463890494,-37.8149216286
2022,1112,103980,103980,Docklands,Ezy Convenience Store & Cafe,"Unit 17A, Ground 60 Siddeley Street DOCKLANDS VIC 3008",4111,Convenience Store,144.95247888392848,-37.8228836279
2022,2385,616892,616892,North Melbourne,The Lucky Cat Collection,Part Ground 64 Sutton Street NORTH MELBOURNE VIC 3051,4129,Other Specialised Food Retailing,144.93763758849605,-37.7916286167
2022,2524,616009,616009,Kensington,Food Works Kensington,484-486 Macaulay Road KENSINGTON VIC 3031,4110,Supermarket and Grocery Stores,144.92988029255,-37.79415709429195
2022,263,563936,563936,Carlton,Aly's Asian Grocery,"Shop 1, 204-208 Victoria Street CARLTON VIC 3053",4110,Supermarket and Grocery Stores,144.96065957331285,-37.80606214315
2022,264,644814,644814,Carlton,Mr Dad Asian Supermarket,16 Bouverie Street CARLTON VIC 3053,4110,Supermarket and Grocery Stores,144.96194040667808,-37.8061460392
2022,264,661088,661088,Carlton,Icake,"Shop 2, 28 Bouverie Street CARLTON VIC 3053",4129,Other Specialised Food Retailing,144.96197867415,-37.8056624766361
2022,264,661088,661088,Carlton,Meow Trading,"Shop 5, 28 Bouverie Street CARLTON VIC 3053",4111,Convenience Store,144.96197867415,-37.8056624766361
2022,345,103420,103420,North Melbourne,7-Eleven,83 Errol Street NORTH MELBOURNE VIC 3051,4111,Convenience Store,144.94929624852466,-37.803181899150005
2022,358,107508,107508,North Melbourne,New Core Health,169 Peel Street NORTH MELBOURNE VIC 3051,4129,Other Specialised Food Retailing,144.95593589456502,-37.8040480012
2022,358,109828,109828,North Melbourne,Pettigrew Meats,Part 318 Victoria Street NORTH MELBOURNE VIC 3051,4121,"Fresh Meat, Fish and Poultry Retailing",144.95558501435,-37.80561885382902
2022,363,103251,103251,North Melbourne,WOOLWORTHS,611-669 Elizabeth Street MELBOURNE VIC 3000,4110,Supermarket and Grocery Stores,144.95749954245,-37.80324642065011
2022,378,103818,103818,North Melbourne,IGA X-Press North Melbourne,59 Villiers Street NORTH MELBOURNE VIC 3051,4110,Supermarket and Grocery Stores,144.9533476437797,-37.798950608050006
2022,427,109043,109043,West Melbourne (Residential),Sugar Station,154-160 Stanley Street WEST MELBOURNE VIC 3003,4129,Other Specialised Food Retailing,144.94734707747622,-37.80893310615
2022,435,102976,102976,West Melbourne (Residential),Xin Fang Supermarket,Ground 420-424 William Street WEST MELBOURNE VIC 3003,4111,Convenience Store,144.95507572791706,-37.80825493135
2022,435,107479,107479,West Melbourne (Residential),Ru Xin Chinese Medicine,59 Peel Street WEST MELBOURNE VIC 3003,4129,Other Specialised Food Retailing,144.95549586035025,-37.806810823
2022,501,105234,105234,West Melbourne (Industrial),Scalzo Food Industries,156-174 Kensington Road WEST MELBOURNE VIC 3003,3609,Other Grocery Wholesaling,144.91792457786187,-37.7989610511
2022,502,105222,105222,West Melbourne (Industrial),Scalzo Food Industries,Office 169 Kensington Road WEST MELBOURNE VIC 3003,3609,Other Grocery Wholesaling,144.9183966617,-37.8000900646999
2022,503,627083,109449,Kensington,The Fruit Box/ The Milk Box,56-62 Bakehouse Road KENSINGTON VIC 3031,3605,Fruit and Vegetable Wholesaling,144.92990028836095,-37.7996034328
2022,571,602256,602256,Kensington,Coles Flemington Showgrounds,"Shop 1A, 320-380 Epsom Road FLEMINGTON VIC 3031",4110,Supermarket and Grocery Stores,144.91511732869589,-37.78227130275
2022,605,104943,104943,East Melbourne,East Melbourne General Store,Ground 53 Hotham Street EAST MELBOURNE VIC 3002,4110,Supermarket and Grocery Stores,144.98871195975,-37.814818113399255
2022,607,109997,109997,East Melbourne,7-Eleven,142 Wellington Parade EAST MELBOURNE VIC 3002,4111,Convenience Store,144.9855915414598,-37.81618525805
2022,613,594750,109643,East Melbourne,East Melbourne IGA and Liquor,430 Victoria Parade EAST MELBOURNE VIC 3002,4110,Supermarket and Grocery Stores,144.9856242136076,-37.81004733425
2022,710,108622,108622,Melbourne (Remainder),B Convenience,Ground 403 St Kilda Road MELBOURNE VIC 3004,4110,Supermarket and Grocery Stores,144.97593792633205,-37.83587082185
2022,720,108629,108629,Melbourne (Remainder),Fawkner Express,"Suite 2-3, Ground 431 St Kilda Road MELBOURNE VIC 3004",4110,Supermarket and Grocery Stores,144.97705516826431,-37.83852859445
2022,741,110614,110614,Southbank,Sturt Street IGA Plus Liquor,Part Ground 151 Sturt Street SOUTHBANK VIC 3006,4110,Supermarket and Grocery Stores,144.96678573256793,-37.8277012236
2022,748,108659,108659,Southbank,IGA Express,Ground 320-322 St Kilda Road SOUTHBANK VIC 3006,4110,Supermarket and Grocery Stores,144.97068651660857,-37.82941498575
2022,753,110379,110380,Southbank,Dairy Australia Limited,Level 2 & Part Level 3 40 City Road SOUTHBANK VIC 3006,3603,Dairy Produce Wholesaling,144.96630309077528,-37.82071820925
2022,760,102177,102177,Melbourne (Remainder),Espressohead,"Suite 13, 20 Commercial Road MELBOURNE VIC 3004",3609,Other Grocery Wholesaling,144.97986137675002,-37.84456545652829
2022,772,110528,110528,Docklands,Cobram Estate Pty Ltd,"Unit 11, 75 Lorimer Street DOCKLANDS VIC 3008",3609,Other Grocery Wholesaling,144.9426889354323,-37.824967169
2022,773,560261,560261,Docklands,IGA X-Press@Yarra's Edge,54 River Esplanade DOCKLANDS VIC 3008,4110,Supermarket and Grocery Stores,144.94748082085,-37.8248403535838
2022,773,579363,579363,Docklands,Urban Hub,4 South Wharf Drive DOCKLANDS VIC 3008,4110,Supermarket and Grocery Stores,144.94121560128926,-37.8235609607
2022,786,602743,110589,Port Melbourne,Blue Pumpkin,"Unit 4-6, 173 Salmon Street PORT MELBOURNE VIC 3207",3609,Other Grocery Wholesaling,144.92087320861043,-37.8260597946
2022,802,575820,575820,Southbank,7 Eleven Freshwater Place,"Shop 3R, 3 Freshwater Place SOUTHBANK VIC 3006",4111,Convenience Store,144.96218258398218,-37.8217150925
2022,804,110542,110484,Southbank,T2,Shop TB03 20 Convention Centre Place SOUTH WHARF VIC 3006,4129,Other Specialised Food Retailing,144.95231930285,-37.82542998795
2022,804,623559,110484,Southbank,Urban Hub,FG06 - FG07 2 Convention Centre Place SOUTH WHARF VIC 3006,4111,Convenience Store,144.95231930285,-37.82542998795
2022,808,110385,110385,Southbank,Foodworks Southbank,182 City Road SOUTHBANK VIC 3006,4110,Supermarket and Grocery Stores,144.96191853638004,-37.823835739
2022,811,110364,110364,Southbank,Golden Express Supermarket,63 Power Street SOUTHBANK VIC 3006,4110,Supermarket and Grocery Stores,144.9632527393522,-37.82376399125
2022,812,110361,110361,Southbank,Southbank IGA Express,"Suite 1-8, Ground 89 City Road SOUTHBANK VIC 3006",4110,Supermarket and Grocery Stores,144.96511316185,-37.82255516262748
2022,861,102507,102507,South Yarra,South Yarra Finer Fruit,123B Park Street SOUTH YARRA VIC 3141,4122,Fruit and Vegetable Retailing,144.98226281385,-37.83434396085672
2022,920,618951,618951,Parkville,The Chocolate Box,"Shop 3, 20 Flemington Road PARKVILLE VIC 3050",4129,Other Specialised Food Retailing,144.95500291431983,-37.79885279195
2022,931,103908,103908,Parkville,Rainbow,"Tenancy F, Ground 50 Flemington Road PARKVILLE VIC 3052",4110,Supermarket and Grocery Stores,144.9495226105,-37.793631051343525
2022,1101,108973,108973,Docklands,Woolworths Southern Cross,Part Mezzanine 650 Collins Street DOCKLANDS VIC 3008,4110,Supermarket and Grocery Stores,144.9522268972,-37.81841173041551
2022,1101,108973,108973,Docklands,Sugar Station,"Shop 5, Ground 650 Collins Street DOCKLANDS VIC 3008",4129,Other Specialised Food Retailing,144.9522268972,-37.81841173041551
2022,1101,110843,110843,Docklands,7-Eleven,Ground 189 Spencer Street DOCKLANDS VIC 3008,4111,Convenience Store,144.9505641426,-37.814508973578526
2022,1104,576024,576023,Docklands,Australian Dairy Farmers Corporation Ltd,"Unit 222A, Level 2 757 Bourke Street DOCKLANDS VIC 3008",3603,Dairy Produce Wholesaling,144.94799200964053,-37.8193808754
2022,1104,576024,576023,Docklands,The Dome IGA Plus Liquor Store,Part Ground 71-77 Batmans Hill Drive DOCKLANDS VIC 3008,4110,Supermarket and Grocery Stores,144.94799200964053,-37.8193808754
2022,1105,609487,609487,Docklands,Bega Dairy and Drinks,Level 3-6 737 Bourke Street DOCKLANDS VIC 3008,3603,Dairy Produce Wholesaling,144.94906886145,-37.81920222122055
2022,1105,636574,636574,Docklands,Woolworths Metro,"Part Tenancy 1-4, Level 3 17 Village Street DOCKLANDS VIC 3008",4110,Supermarket and Grocery Stores,144.95043596806448,-37.82110552005
2022,45,109279,109279,Melbourne (CBD),7-Eleven,159 Swanston Street MELBOURNE VIC 3000,4111,Convenience Store,144.9655826212989,-37.81407728805
2022,48,101117,101117,Melbourne (CBD),7-Eleven,91 Bourke Street MELBOURNE VIC 3000,4111,Convenience Store,144.9709028408,-37.81223394749057
2022,51,101171,101171,Melbourne (CBD),7-Eleven,163 King Street MELBOURNE VIC 3000,4111,Convenience Store,144.9553258392931,-37.8162289918
2022,56,532743,532743,Melbourne (CBD),7-Eleven,222 Swanston Street MELBOURNE VIC 3000,4111,Convenience Store,144.96554739831615,-37.81264727885
2022,58,108984,108984,Melbourne (CBD),Spring Street Grocer / Gelateria Primavera,Part Ground 157 Spring Street MELBOURNE VIC 3000,4110,Supermarket and Grocery Stores,144.97249479944617,-37.811056026
2022,61,105312,105312,Melbourne (CBD),Walkers Stop Convenience,Ground 221-223 King Street MELBOURNE VIC 3000,4111,Convenience Store,144.9548245444646,-37.81507467065
2022,63,108075,108075,Melbourne (CBD),Cignall,205 Queen Street MELBOURNE VIC 3000,4129,Other Specialised Food Retailing,144.9599515399052,-37.813963953850006
2022,64,105701,105701,Melbourne (CBD),Ace Mart,Ground 365 Lonsdale Street MELBOURNE VIC 3000,4110,Supermarket and Grocery Stores,144.9617550918,-37.8127753830143
2022,64,108101,108101,Melbourne (CBD),7-Eleven,Part Ground 224 Queen Street MELBOURNE VIC 3000,4111,Convenience Store,144.9601628034,-37.81320136553631
2022,65,105698,105698,Melbourne (CBD),The Original Lolly Store,"Shop 318, 287 Lonsdale Street MELBOURNE VIC 3000",4129,Other Specialised Food Retailing,144.96392893701363,-37.81247035035
2022,65,105875,105875,Melbourne (CBD),Sweet Canteen,"Shop 3, 8 Driver Lane MELBOURNE VIC 3000",4129,Other Specialised Food Retailing,144.96312748625002,-37.81292588925007
2022,67,103606,103606,Melbourne (CBD),7-Eleven,Ground 237 Exhibition Street MELBOURNE VIC 3000,4111,Convenience Store,144.9694509853303,-37.810371721150005
2022,68,103620,103620,Melbourne (CBD),Woolworths Metro,"Tenancy 3, Ground 222 Exhibition Street MELBOURNE VIC 3000",4110,Supermarket and Grocery Stores,144.97048167014998,-37.81047470300823
2022,68,105670,105670,Melbourne (CBD),Lonsdale IGA Express,Part Ground 35 Lonsdale Street MELBOURNE VIC 3000,4110,Supermarket and Grocery Stores,144.97115024027468,-37.8099615722
2022,72,110105,110105,Melbourne (CBD),7 ELEVEN,261 William Street MELBOURNE VIC 3000,4111,Convenience Store,144.9566162144558,-37.81299550925
2022,76,589841,105749,Melbourne (CBD),Lupicia Fresh Tea,14-16 Artemis Lane MELBOURNE VIC 3000,4129,Other Specialised Food Retailing,144.965725053002,-37.81067861705
2022,84,103210,103210,Melbourne (CBD),Zhang Tan Hung Asian Grocer,Part 329 Elizabeth Street MELBOURNE VIC 3000,4110,Supermarket and Grocery Stores,144.96135595838302,-37.81098646305
2022,85,105746,105746,Melbourne (CBD),7-Eleven,"Shop 67, Ground 300 Lonsdale Street MELBOURNE VIC 3000",4111,Convenience Store,144.96283887063584,-37.8109017475
2022,85,109302,109302,Melbourne (CBD),7-Eleven,281 Swanston Street MELBOURNE VIC 3000,4111,Convenience Store,144.9643588506305,-37.81143183285
2022,93,110140,110140,Melbourne (CBD),City Mart,330 William Street MELBOURNE VIC 3000,4111,Convenience Store,144.95657517164122,-37.8112462591
2022,95,109313,109313,Melbourne (CBD),EzyMart,395 Swanston Street MELBOURNE VIC 3000,4111,Convenience Store,144.96324612925957,-37.8092779368
2022,97,105496,105496,Melbourne (CBD),Joy Market,38 La Trobe Street MELBOURNE VIC 3000,4110,Supermarket and Grocery Stores,144.96757516755,-37.80812915431867
2022,104,104084,104084,Melbourne (CBD),O2 Shop,"Shop G1, 118 A'Beckett Street MELBOURNE VIC 3000",4111,Convenience Store,144.95956878425,-37.80904348781743
2022,104,108087,108087,Melbourne (CBD),SPQR City Groceries,416 Queen Street MELBOURNE VIC 3000,4110,Supermarket and Grocery Stores,144.95847659628504,-37.8089811731
2022,105,103302,103302,Melbourne (CBD),Tokyo Hometown Japanese & Korean Supermarket,"Shop 1-2, Ground 422-440 Elizabeth Street MELBOURNE VIC 3000",4110,Supermarket and Grocery Stores,144.96100749980002,-37.80862862111849
2022,113,110679,108118,Melbourne (CBD),Queen Victoria Market Trader Hub,"Stall 1, Shed F Queen Victoria Market 66 Peel Street MELBOURNE VIC 3000",4129,Other Specialised Food Retailing,144.9576272223,-37.80783257422127
2022,113,110681,108118,Melbourne (CBD),Vic Markets Stalls Shed K,Shed K Queen Victoria Market 58 Peel Street MELBOURNE VIC 3000,4129,Other Specialised Food Retailing,144.9576272223,-37.80783257422127
2022,113,110684,108118,Melbourne (CBD),Urku,"Stall 11, Shed M Queen Victoria Market 50 Peel Street MELBOURNE VIC 3000",4129,Other Specialised Food Retailing,144.9576272223,-37.80783257422127
2022,113,110689,108118,Melbourne (CBD),Victoria Market Seafoods,"Stall 36, 525 Elizabeth Street MELBOURNE VIC 3000",4121,"Fresh Meat, Fish and Poultry Retailing",144.9576272223,-37.80783257422127
2022,113,110689,108118,Melbourne (CBD),Phat Tho,"Stall 26, 525 Elizabeth Street MELBOURNE VIC 3000",4121,"Fresh Meat, Fish and Poultry Retailing",144.9576272223,-37.80783257422127
2022,113,110689,108118,Melbourne (CBD),Out Of The Blue Seafoods,"Stall 37, 525 Elizabeth Street MELBOURNE VIC 3000",4121,"Fresh Meat, Fish and Poultry Retailing",144.9576272223,-37.80783257422127
2022,113,110689,108118,Melbourne (CBD),Johnny Butcher,"Stall 2, 525 Elizabeth Street MELBOURNE VIC 3000",4121,"Fresh Meat, Fish and Poultry Retailing",144.9576272223,-37.80783257422127
2022,113,110689,108118,Melbourne (CBD),Limnos Seafood Pty Ltd,"Stall 32, 525 Elizabeth Street MELBOURNE VIC 3000",4121,"Fresh Meat, Fish and Poultry Retailing",144.9576272223,-37.80783257422127
2022,113,110689,108118,Melbourne (CBD),Top Aus Meats,"Stall 5, 525 Elizabeth Street MELBOURNE VIC 3000",4121,"Fresh Meat, Fish and Poultry Retailing",144.9576272223,-37.80783257422127
2022,113,110689,108118,Melbourne (CBD),Duy Duy Butcher,"Stall 4, 525 Elizabeth Street MELBOURNE VIC 3000",4121,"Fresh Meat, Fish and Poultry Retailing",144.9576272223,-37.80783257422127
2022,113,110689,108118,Melbourne (CBD),Melbourne City Meats,"Stall 20-21, 525 Elizabeth Street MELBOURNE VIC 3000",4121,"Fresh Meat, Fish and Poultry Retailing",144.9576272223,-37.80783257422127
2022,113,110689,108118,Melbourne (CBD),David Quality Meats,"Stall 17, 525 Elizabeth Street MELBOURNE VIC 3000",4121,"Fresh Meat, Fish and Poultry Retailing",144.9576272223,-37.80783257422127
2022,113,110689,108118,Melbourne (CBD),Thanh Hung Butcher,"Stall 40, 525 Elizabeth Street MELBOURNE VIC 3000",4121,"Fresh Meat, Fish and Poultry Retailing",144.9576272223,-37.80783257422127
2022,113,110689,108118,Melbourne (CBD),Tan-Dat,"Stall 15, 525 Elizabeth Street MELBOURNE VIC 3000",4121,"Fresh Meat, Fish and Poultry Retailing",144.9576272223,-37.80783257422127
2022,113,110691,108118,Melbourne (CBD),Gewürzhaus Herb & Spice Merchants,"Stall 7-9, 60 Therry Street MELBOURNE VIC 3000",4129,Other Specialised Food Retailing,144.9576272223,-37.80783257422127
2022,113,110691,108118,Melbourne (CBD),Dianne's Delights,"Stall 43-44, 60 Therry Street MELBOURNE VIC 3000",4129,Other Specialised Food Retailing,144.9576272223,-37.80783257422127
2022,113,110691,108118,Melbourne (CBD),La Deli @ Qvm,"Stall 21-24, 60 Therry Street MELBOURNE VIC 3000",4129,Other Specialised Food Retailing,144.9576272223,-37.80783257422127
2022,113,110691,108118,Melbourne (CBD),Swords Wines,"Stall 47-50, 60 Therry Street MELBOURNE VIC 3000",4129,Other Specialised Food Retailing,144.9576272223,-37.80783257422127
2022,113,110691,108118,Melbourne (CBD),The French Shop,"Stall 1-2, 60 Therry Street MELBOURNE VIC 3000",4129,Other Specialised Food Retailing,144.9576272223,-37.80783257422127
2022,113,110691,108118,Melbourne (CBD),RIPE Cheese,"Stall 41-42, 60 Therry Street MELBOURNE VIC 3000",4129,Other Specialised Food Retailing,144.9576272223,-37.80783257422127
2022,113,110691,108118,Melbourne (CBD),The Epicurean,"Stall 14-16, 60 Therry Street MELBOURNE VIC 3000",4129,Other Specialised Food Retailing,144.9576272223,-37.80783257422127
2022,113,110691,108118,Melbourne (CBD),Pavilion Select Produce,"Stall 31-32, 60 Therry Street MELBOURNE VIC 3000",4129,Other Specialised Food Retailing,144.9576272223,-37.80783257422127
2022,113,110691,108118,Melbourne (CBD),Nut Trek,"Stall 55-56, 60 Therry Street MELBOURNE VIC 3000",4129,Other Specialised Food Retailing,144.9576272223,-37.80783257422127
2022,113,110691,108118,Melbourne (CBD),Big Vic Deli,"Stall 25-28, 60 Therry Street MELBOURNE VIC 3000",4129,Other Specialised Food Retailing,144.9576272223,-37.80783257422127
2022,113,110691,108118,Melbourne (CBD),Nifra Poultry,"Stall 84, 60 Therry Street MELBOURNE VIC 3000",4121,"Fresh Meat, Fish and Poultry Retailing",144.9576272223,-37.80783257422127
2022,113,110691,108118,Melbourne (CBD),Polish Deli,"Stall 5-6, 60 Therry Street MELBOURNE VIC 3000",4129,Other Specialised Food Retailing,144.9576272223,-37.80783257422127
2022,113,110694,108118,Melbourne (CBD),Vic Market Stalls Shed H,Shed H Queen Victoria Market Therry Street MELBOURNE VIC 3000,4122,Fruit and Vegetable Retailing,144.9576272223,-37.80783257422127
2022,114,109493,109493,Melbourne (CBD),Only Mine,13 Dhanga Djeembana Walk MELBOURNE VIC 3000,4129,Other Specialised Food Retailing,144.9584857015114,-37.80786989635
2022,114,562691,562691,Melbourne (CBD),7-Eleven,463 Elizabeth Street MELBOURNE VIC 3000,4111,Convenience Store,144.96002868887314,-37.8081112166
2022,115,103295,103295,Melbourne (CBD),Pacific Asian Grocer,Ground 490-494 Elizabeth Street MELBOURNE VIC 3000,4110,Supermarket and Grocery Stores,144.9604287852261,-37.8073592064
2022,205,573290,573290,Carlton,Sparks Melbourne,750 Swanston Street CARLTON VIC 3053,4110,Supermarket and Grocery Stores,144.96476503060853,-37.79900073805
2022,212,111335,106170,Carlton,Carlton Supermarket,"Unit S7, LwrGround 570 Lygon Street CARLTON VIC 3053",4110,Supermarket and Grocery Stores,144.96904972775002,-37.793139871315645
2022,243,109330,109330,Carlton,7-Eleven,"Shop 1, 743-751 Swanston Street CARLTON VIC 3053",4111,Convenience Store,144.9636422194643,-37.80062003495
2022,256,108029,108029,Carlton,Ezymart,172 Queensberry Street CARLTON VIC 3053,4111,Convenience Store,144.96278228081553,-37.80429627265
2022,4,104034,104034,Melbourne (CBD),Boost Juice,"Lot 920, 241 Flinders Street MELBOURNE VIC 3000",4129,Other Specialised Food Retailing,144.96577579893395,-37.8186817777
2022,11,103984,103984,Melbourne (CBD),7-Eleven,574-580 Flinders Street MELBOURNE VIC 3000,4111,Convenience Store,144.95533640614002,-37.82071127185
2022,15,104010,104010,Melbourne (CBD),Clementines,Part 7 Degraves Street MELBOURNE VIC 3000,4110,Supermarket and Grocery Stores,144.96562559534638,-37.8176073857
2022,15,109263,109263,Melbourne (CBD),7-Eleven,"Shop 4, Ground 37 Swanston Street MELBOURNE VIC 3000",4111,Convenience Store,144.96670433318764,-37.81674246265
2022,25,109264,109264,Melbourne (CBD),Uncle Tetsu's Japanese Cheesecake,Ground 47 Swanston Street MELBOURNE VIC 3000,4129,Other Specialised Food Retailing,144.96662326245,-37.81632686333168
2022,35,109267,109267,Melbourne (CBD),Koko Black (Kiosk),"Kiosk 1-2, 91-107 Swanston Street MELBOURNE VIC 3000",4129,Other Specialised Food Retailing,144.9661030243,-37.81529690772045
2022,42,105950,105950,Melbourne (CBD),Wellshine,"Suite 1102, 530 Little Collins Street MELBOURNE VIC 3000",3603,Dairy Produce Wholesaling,144.95710995453825,-37.8168797463
2022,35,102141,102141,Melbourne (CBD),Haighs Chocolates,"Shop 7-8, Block Arcade MELBOURNE VIC 3000",4129,Other Specialised Food Retailing,144.96434075395388,-37.81552770375
2022,28,102058,102058,Melbourne (CBD),7 Eleven,Ground 11 Collins Street MELBOURNE VIC 3000,4111,Convenience Store,144.9734612415,-37.813768622916825
2022,31,102112,102112,Melbourne (CBD),EzyMart,"Shop 3, 576 Collins Street MELBOURNE VIC 3000",4111,Convenience Store,144.95542417545,-37.81836589576574
2022,33,102123,102123,Melbourne (CBD),7-Eleven Collins Street,"Part Shop 3, Ground 446 Collins Street MELBOURNE VIC 3000",4111,Convenience Store,144.9594432475203,-37.8173045178
2022,312,108270,108270,North Melbourne,Honesty Snack,21-31 Reynolds Street NORTH MELBOURNE VIC 3051,3609,Other Grocery Wholesaling,144.93750372098944,-37.79728298575
2022,319,703218,106292,North Melbourne,Woolworths North Melbourne,"Part Shop G1, 129 Canning Street NORTH MELBOURNE VIC 3051",4110,Supermarket and Grocery Stores,144.9406914553805,-37.79624071325
2022,326,104588,104588,North Melbourne,North Melbourne Wine & Gourmet,48 Haines Street NORTH MELBOURNE VIC 3051,4110,Supermarket and Grocery Stores,144.94669982368217,-37.798230788050006
2022,326,104588,104588,North Melbourne,Quick7 Convenience,46 Haines Street NORTH MELBOURNE VIC 3051,4110,Supermarket and Grocery Stores,144.94669982368217,-37.798230788050006
2022,337,111391,111391,North Melbourne,Zen Wonders,"Unit 2, 142 Laurens Street NORTH MELBOURNE VIC 3051",4129,Other Specialised Food Retailing,144.94187155315,-37.80189387655044
2022,345,107922,107922,North Melbourne,Foodworks,Ground 547-553 Queensberry Street NORTH MELBOURNE VIC 3051,4110,Supermarket and Grocery Stores,144.949015870361,-37.8032307424
2022,354,103523,103523,North Melbourne,North Melbourne Supa IGA & Liquor,Ground 26 Errol Street NORTH MELBOURNE VIC 3051,4110,Supermarket and Grocery Stores,144.94989206564446,-37.8045777813
2022,409,100441,100441,West Melbourne (Residential),Sausages Made Simple Pty Ltd,118 Ireland Street WEST MELBOURNE VIC 3003,4129,Other Specialised Food Retailing,144.94209615630976,-37.80607242405
2022,441,714410,102956,West Melbourne (Residential),Foodworks & Cellarbrations West Melbourne,15 Wominjeka Walk WEST MELBOURNE VIC 3003,4110,Supermarket and Grocery Stores,144.94855763320982,-37.81021823725
2022,505,100506,100506,Kensington,The Fruit Box Group Pty Ltd,"Unit 1, 358-378 Arden Street KENSINGTON VIC 3031",4122,Fruit and Vegetable Retailing,144.93390137202982,-37.79889791205
2022,508,100821,100821,Kensington,Wah Lien Trading Pty Ltd,24-34 Barrett Street KENSINGTON VIC 3031,3609,Other Grocery Wholesaling,144.93417828564648,-37.7977250676
2022,508,103330,103330,Kensington,Wah Lien Trading Pty Ltd,9-17A Elizabeth Street KENSINGTON VIC 3031,3609,Other Grocery Wholesaling,144.93311689449698,-37.7971150853
2022,508,103757,103757,Kensington,Wah Lien Trading Pty Ltd,5-7 Fink Street KENSINGTON VIC 3031,3609,Other Grocery Wholesaling,144.93347124895,-37.79716198619144
2022,724,108646,108646,Melbourne (Remainder),7 Eleven,519 St Kilda Road MELBOURNE VIC 3004,4110,Supermarket and Grocery Stores,144.97987060014765,-37.8455571079
2022,724,108646,108646,Melbourne (Remainder),Chevron IGA,Ground 19 Commercial Road MELBOURNE VIC 3004,4110,Supermarket and Grocery Stores,144.97987060014765,-37.8455571079
2022,729,110486,110486,Southbank,Clarendon St IGA X-Press,42-48 Clarendon Street SOUTHBANK VIC 3006,4110,Supermarket and Grocery Stores,144.95685189846165,-37.8260553568
2022,736,706735,110408,Southbank,Woolworths Melbourne Square,"Shop 1, 10 Hoff Boulevard SOUTHBANK VIC 3006",4110,Supermarket and Grocery Stores,144.9635736062,-37.82572543742112
2022,786,602733,110589,Port Melbourne,Stop n Shop,"Unit 1, 1 Phillip Court PORT MELBOURNE VIC 3207",4110,Supermarket and Grocery Stores,144.92087320861043,-37.8260597946
2022,801,570659,570659,Southbank,7-Eleven,"Shop G1, 70 City Road SOUTHBANK VIC 3006",4111,Convenience Store,144.96513504128342,-37.82175408645
2022,804,110542,110484,Southbank,Lindt,Shop TB17A 20 Convention Centre Place SOUTH WHARF VIC 3006,4129,Other Specialised Food Retailing,144.95231930285,-37.82542998795
2022,808,108049,108049,Southbank,Great Asia World,200 City Road SOUTHBANK VIC 3006,4110,Supermarket and Grocery Stores,144.96099795547156,-37.8246063269
2022,812,110413,110413,Southbank,Broad Bean Organic Grocer,26 Fanning Street SOUTHBANK VIC 3006,4122,Fruit and Vegetable Retailing,144.96655584375614,-37.8224207028
2022,1014,570658,558529,West Melbourne (Industrial),Marino Bros,"Warehouse 11, 88 Dynon Road WEST MELBOURNE VIC 3003",3605,Fruit and Vegetable Wholesaling,144.93374781724998,-37.80319737785928
2022,1101,108973,108973,Docklands,Ezymart Southern Cross,Shop 2C Bourke Street Bridge 99 Spencer Street DOCKLANDS VIC 3008,4111,Convenience Store,144.9522268972,-37.81841173041551
2022,1101,110843,110843,Docklands,Coles,"Part Shop 301, Ground 237-261 Spencer Street DOCKLANDS VIC 3008",4110,Supermarket and Grocery Stores,144.9505641426,-37.814508973578526
2022,1101,110843,110843,Docklands,Crown Asian Supermarket,"Shop 303, Ground 237-261 Spencer Street DOCKLANDS VIC 3008",4110,Supermarket and Grocery Stores,144.9505641426,-37.814508973578526
2022,44,597186,101146,Melbourne (CBD),Galleria Express,Shop B02A-B02B 385 Bourke Street MELBOURNE VIC 3000,4111,Convenience Store,144.96292154949998,-37.81492943947073
2022,45,101144,101144,Melbourne (CBD),Koko Black,Shop 4-6 Royal Arcade MELBOURNE VIC 3000,4129,Other Specialised Food Retailing,144.9639640607,-37.81438773817147
2022,45,101144,101144,Melbourne (CBD),The Little Royal,Kiosk 3K Royal Arcade MELBOURNE VIC 3000,4129,Other Specialised Food Retailing,144.9639640607,-37.81438773817147
2022,45,101144,101144,Melbourne (CBD),Agathe Patisserie,Shop 49A Royal Arcade MELBOURNE VIC 3000,4129,Other Specialised Food Retailing,144.9639640607,-37.81438773817147
2022,46,101138,101138,Melbourne (CBD),7-Eleven,"Shop 4, 255-267 Bourke Street MELBOURNE VIC 3000",4111,Convenience Store,144.9660087991474,-37.8136229221
2022,51,558316,558316,Melbourne (CBD),EzyMart,660 Bourke Street MELBOURNE VIC 3000,4111,Convenience Store,144.95403695894998,-37.81627027111786
2022,52,101172,101172,Melbourne (CBD),Top Juice,"Shop 5, LwrGround 600 Bourke Street MELBOURNE VIC 3000",4129,Other Specialised Food Retailing,144.95613866809998,-37.815676162352304
2022,52,612820,636824,Melbourne (CBD),CBW Express,"Tenancy 2, Ground 181 William Street MELBOURNE VIC 3000",4110,Supermarket and Grocery Stores,144.9573920138448,-37.81531893625
2022,53,108071,108071,Melbourne (CBD),CT Mart,Part Ground 155 Queen Street MELBOURNE VIC 3000,4111,Convenience Store,144.96030727978717,-37.81485871445
2022,56,101205,101205,Melbourne (CBD),7-Eleven,Ground 190-192 Bourke Street MELBOURNE VIC 3000,4111,Convenience Store,144.9675398522,-37.81271936135064
2022,56,108543,108543,Melbourne (CBD),Tang The Asian Food Emporium,185-189 Russell Street MELBOURNE VIC 3000,4110,Supermarket and Grocery Stores,144.96747673484057,-37.81214972325
2022,56,108546,108546,Melbourne (CBD),7-Eleven,197 Russell Street MELBOURNE VIC 3000,4111,Convenience Store,144.96740291034843,-37.81199701745
2022,56,108546,108546,Melbourne (CBD),Teaser Fengcha,195 Russell Street MELBOURNE VIC 3000,4129,Other Specialised Food Retailing,144.96740291034843,-37.81199701745
2022,64,103187,103187,Melbourne (CBD),Ezymart,Part Ground 219 Elizabeth Street MELBOURNE VIC 3000,4111,Convenience Store,144.9622827192137,-37.8132133822
2022,65,105698,105698,Melbourne (CBD),Godiva,"Shop 140, 287 Lonsdale Street MELBOURNE VIC 3000",4129,Other Specialised Food Retailing,144.96392893701363,-37.81247035035
2022,66,105693,105693,Melbourne (CBD),Great Asia Food Store,Part Ground 222-230 Little Bourke Street MELBOURNE VIC 3000,4110,Supermarket and Grocery Stores,144.96586746042516,-37.8117993249
2022,66,105886,105886,Melbourne (CBD),Pacific Asian,Ground 202 Little Bourke Street MELBOURNE VIC 3000,4129,Other Specialised Food Retailing,144.96660195754998,-37.81198481282463
2022,72,105726,110707,Melbourne (CBD),Ezymart,"Shop D, Ground 550 Lonsdale Street MELBOURNE VIC 3000",4111,Convenience Store,144.95600158025002,-37.81346261063083
2022,74,103200,103200,Melbourne (CBD),KT Mart,Ground 287-289 Elizabeth Street MELBOURNE VIC 3000,4110,Supermarket and Grocery Stores,144.96163473069288,-37.811909456950005
2022,76,589841,105749,Melbourne (CBD),Laguna Supermarket,1-11 Jane Bell Lane MELBOURNE VIC 3000,4110,Supermarket and Grocery Stores,144.965725053002,-37.81067861705
2022,77,108578,108578,Melbourne (CBD),E-Mart Grocery,252-254 Russell Street MELBOURNE VIC 3000,4110,Supermarket and Grocery Stores,144.9672737081305,-37.81036685845
2022,78,603923,580091,Melbourne (CBD),Select 7,"Shop 13, 36 Lonsdale Street MELBOURNE VIC 3000",4111,Convenience Store,144.97072895345,-37.809196151079576
2022,85,105746,105746,Melbourne (CBD),DOWNTOWN GROCER,"Shop 73, LwrGround 300 Lonsdale Street MELBOURNE VIC 3000",4110,Supermarket and Grocery Stores,144.96283887063584,-37.8109017475
2022,85,105746,105746,Melbourne (CBD),Coles Supermarkets Australia Pty Ltd,"Shop 1M, LwrGround 300 Lonsdale Street MELBOURNE VIC 3000",4110,Supermarket and Grocery Stores,144.96283887063584,-37.8109017475
2022,91,105106,105106,West Melbourne (Residential),Himart Melbourne,61 Jeffcott Street WEST MELBOURNE VIC 3003,4111,Convenience Store,144.95179794019998,-37.8121993732136
2022,93,108082,108082,Melbourne (CBD),EzyMart,Part Ground 341 Queen Street MELBOURNE VIC 3000,4111,Convenience Store,144.9583118013,-37.81043649444523
2022,94,713467,713467,Melbourne (CBD),Woolworths Metro,374 Queen Street MELBOURNE VIC 3000,4110,Supermarket and Grocery Stores,144.95909557947851,-37.8100224044
2022,95,103305,103305,Melbourne (CBD),Woolworths Metro,Part Ground 388-396 Elizabeth Street MELBOURNE VIC 3000,4110,Supermarket and Grocery Stores,144.96142241447978,-37.80952989205
2022,113,110684,108118,Melbourne (CBD),When Hemp Met... Fine Wholefoods,Stall 23 Shed M Queen Victoria Market 50 Peel Street MELBOURNE VIC 3000,4129,Other Specialised Food Retailing,144.9576272223,-37.80783257422127
2022,113,110689,108118,Melbourne (CBD),Corby Meats,"Stall 3, 525 Elizabeth Street MELBOURNE VIC 3000",4121,"Fresh Meat, Fish and Poultry Retailing",144.9576272223,-37.80783257422127
2022,113,110689,108118,Melbourne (CBD),Jagos Quality Meats,"Stall 19, 525 Elizabeth Street MELBOURNE VIC 3000",4121,"Fresh Meat, Fish and Poultry Retailing",144.9576272223,-37.80783257422127
2022,113,110689,108118,Melbourne (CBD),Deep Blue Seafoods,"Stall 34, 525 Elizabeth Street MELBOURNE VIC 3000",4121,"Fresh Meat, Fish and Poultry Retailing",144.9576272223,-37.80783257422127
2022,113,110689,108118,Melbourne (CBD),Charlie Butcher,"Stall 14, 525 Elizabeth Street MELBOURNE VIC 3000",4121,"Fresh Meat, Fish and Poultry Retailing",144.9576272223,-37.80783257422127
2022,113,110689,108118,Melbourne (CBD),Hoa Thanh Meats Pty Ltd,"Stall 1, 525 Elizabeth Street MELBOURNE VIC 3000",4121,"Fresh Meat, Fish and Poultry Retailing",144.9576272223,-37.80783257422127
2022,113,110689,108118,Melbourne (CBD),Gazza's Gourmet Seafood,"Stall 31, 525 Elizabeth Street MELBOURNE VIC 3000",4121,"Fresh Meat, Fish and Poultry Retailing",144.9576272223,-37.80783257422127
2022,113,110689,108118,Melbourne (CBD),Happy Tuna Seafoods,"Stall 27, 525 Elizabeth Street MELBOURNE VIC 3000",4121,"Fresh Meat, Fish and Poultry Retailing",144.9576272223,-37.80783257422127
2022,113,110689,108118,Melbourne (CBD),The Happy Wishbone,"Stall 7, 525 Elizabeth Street MELBOURNE VIC 3000",4121,"Fresh Meat, Fish and Poultry Retailing",144.9576272223,-37.80783257422127
2022,113,110689,108118,Melbourne (CBD),Alec Watson & Son,"Stall 41, 525 Elizabeth Street MELBOURNE VIC 3000",4121,"Fresh Meat, Fish and Poultry Retailing",144.9576272223,-37.80783257422127
2022,113,110689,108118,Melbourne (CBD),Melbourne Poultry,"Stall 9, 525 Elizabeth Street MELBOURNE VIC 3000",4121,"Fresh Meat, Fish and Poultry Retailing",144.9576272223,-37.80783257422127
2022,113,110689,108118,Melbourne (CBD),Prossers,"Stall 30, 525 Elizabeth Street MELBOURNE VIC 3000",4121,"Fresh Meat, Fish and Poultry Retailing",144.9576272223,-37.80783257422127
2022,113,110689,108118,Melbourne (CBD),Seafood & Oyster Spot,"Stall 28-29, 525 Elizabeth Street MELBOURNE VIC 3000",4121,"Fresh Meat, Fish and Poultry Retailing",144.9576272223,-37.80783257422127
2022,113,110689,108118,Melbourne (CBD),Victoria Quality Meats,"Stall 23, 525 Elizabeth Street MELBOURNE VIC 3000",4121,"Fresh Meat, Fish and Poultry Retailing",144.9576272223,-37.80783257422127
2022,113,110689,108118,Melbourne (CBD),VIC MEAT SUPPLY,"Stall 18, 525 Elizabeth Street MELBOURNE VIC 3000",4121,"Fresh Meat, Fish and Poultry Retailing",144.9576272223,-37.80783257422127
2022,113,110691,108118,Melbourne (CBD),The Corner Chicken Shop,"Stall 87-89, 60 Therry Street MELBOURNE VIC 3000",4121,"Fresh Meat, Fish and Poultry Retailing",144.9576272223,-37.80783257422127
2022,113,110691,108118,Melbourne (CBD),Koko Black Chocolate,"Stall 71-72, 60 Therry Street MELBOURNE VIC 3000",4129,Other Specialised Food Retailing,144.9576272223,-37.80783257422127
2022,113,110691,108118,Melbourne (CBD),The Traditional Pasta Shop,"Stall 3-4, 60 Therry Street MELBOURNE VIC 3000",4129,Other Specialised Food Retailing,144.9576272223,-37.80783257422127
2022,113,110691,108118,Melbourne (CBD),M & G Caiafa,"Stall 66-70, 60 Therry Street MELBOURNE VIC 3000",4129,Other Specialised Food Retailing,144.9576272223,-37.80783257422127
2022,113,110691,108118,Melbourne (CBD),Queen Vic Sweets,"Stall 57-60, 60 Therry Street MELBOURNE VIC 3000",4129,Other Specialised Food Retailing,144.9576272223,-37.80783257422127
2022,113,110691,108118,Melbourne (CBD),Tony & Sylvia's Deli,"Stall 61-65, 60 Therry Street MELBOURNE VIC 3000",4129,Other Specialised Food Retailing,144.9576272223,-37.80783257422127
2022,113,110691,108118,Melbourne (CBD),The Chicken Pantry,"Stall 85-86, 60 Therry Street MELBOURNE VIC 3000",4121,"Fresh Meat, Fish and Poultry Retailing",144.9576272223,-37.80783257422127
2022,115,604779,587480,Melbourne (CBD),Aldi Stores,"Shop 1, 8 Franklin Street MELBOURNE VIC 3000",4110,Supermarket and Grocery Stores,144.9620895650038,-37.80728891305
2022,207,106154,106154,Carlton,Trio Pastry Sweets Nuts,339 Lygon St CARLTON  VIC  3053,4129,Other Specialised Food Retailing,144.967226171795,-37.7973479194
2022,217,106188,106188,Carlton,Donati's Fine Meats,402 Lygon Street CARLTON VIC 3053,4121,"Fresh Meat, Fish and Poultry Retailing",144.967751812267,-37.79756445835
2022,217,106193,106193,Carlton,Woolworths,Part Shop LwrGround 368-384 Lygon Street CARLTON VIC 3053,4110,Supermarket and Grocery Stores,144.9681484723066,-37.7980396049
2022,218,102675,102675,Carlton,Chitness,"Part Shop 23C, 255 Drummond Street CARLTON VIC 3053",4129,Other Specialised Food Retailing,144.96780655482624,-37.799823989900005
2022,218,106201,106201,Carlton,Gewürzhaus Carlton,342 Lygon Street CARLTON VIC 3053,4129,Other Specialised Food Retailing,144.9674974486377,-37.7990407164
2022,245,581508,538825,Carlton,Fortune Sea Convenience Store,"Tenancy 102D, 604 Swanston Street CARLTON VIC 3053",4111,Convenience Store,144.96433321843543,-37.80189615855
2022,254,106084,106084,Carlton,IGA XPRESS on Lygon,101 Lygon Street CARLTON VIC 3053,4111,Convenience Store,144.9659779858,-37.80449589448013
2022,255,109368,109368,Carlton,KSM Home,572 Swanston Street CARLTON VIC 3053,4111,Convenience Store,144.96394043342406,-37.8033156625
2022,260,103270,103270,Carlton,Victoria Quality Butcher,654 Elizabeth Street MELBOURNE VIC 3000,4121,"Fresh Meat, Fish and Poultry Retailing",144.95852121059102,-37.8030782011
2022,260,103271,103271,Carlton,Foodie Mart,646 Elizabeth Street MELBOURNE VIC 3000,4110,Supermarket and Grocery Stores,144.95856249245827,-37.80317433795
2022,261,103277,103277,Carlton,Kt Mart,600-608 Elizabeth Street MELBOURNE VIC 3000,4110,Supermarket and Grocery Stores,144.9590840049312,-37.80430617675
2022,1103,630705,573400,Docklands,EzyMart,"Shop 3, 677 La Trobe Street DOCKLANDS VIC 3008",4111,Convenience Store,144.9474926474515,-37.81489990395
2022,1103,669632,573400,Docklands,New Asia Supermarket,"Shop 214, 673 La Trobe Street DOCKLANDS VIC 3008",4111,Convenience Store,144.9474926474515,-37.81489990395
2022,1103,632898,632898,Docklands,Urban Hub,Shop 4 Concourse 720 Bourke Street DOCKLANDS VIC 3008,4111,Convenience Store,144.94910359864056,-37.8179124004
2022,1108,573414,573414,Docklands,Vic Harbour Grocery,"Shop 6, 800 Bourke Street DOCKLANDS VIC 3008",4110,Supermarket and Grocery Stores,144.945079983583,-37.81885105
2022,1108,609480,609480,Docklands,Sunny Asian Grocery,69 Merchant Street DOCKLANDS VIC 3008,4110,Supermarket and Grocery Stores,144.94345993523592,-37.8204455766
2022,1110,593729,593729,Docklands,Gourmet Deli House,"Shop 18, Ground 90 Waterfront Way DOCKLANDS VIC 3008",4129,Other Specialised Food Retailing,144.93944449055613,-37.81215075265
2022,1110,593729,593729,Docklands,Fish Pier Docklands,"Shop 17A, Ground 90 Waterfront Way DOCKLANDS VIC 3008",4121,"Fresh Meat, Fish and Poultry Retailing",144.93944449055613,-37.81215075265
2022,1110,593729,593729,Docklands,Dr Nuts & Sweets,"Kiosk 2, Ground 90 Waterfront Way DOCKLANDS VIC 3008",4129,Other Specialised Food Retailing,144.93944449055613,-37.81215075265
2022,2392,617402,617402,North Melbourne,Quan Phat Asian Grocery,33 Melrose Street NORTH MELBOURNE VIC 3051,4110,Supermarket and Grocery Stores,144.9414035963,-37.79501732425005
2022,2392,617402,617402,North Melbourne,Melrose IGA North Melbourne,19-23 Melrose Street NORTH MELBOURNE VIC 3051,4110,Supermarket and Grocery Stores,144.9414035963,-37.79501732425005
2022,2544,615428,615428,Kensington,First Press Coffee,6 Thompson Street KENSINGTON VIC 3031,3609,Other Grocery Wholesaling,144.93443866439998,-37.79233549849109
2022,38,102168,102168,Melbourne (CBD),Haigh's Chocolates,Shop 2 Ground & Suite 4 Level 2 24-28 Collins Street MELBOURNE VIC 3000,4129,Other Specialised Food Retailing,144.97270145145097,-37.81341900975
2022,38,102172,102172,Melbourne (CBD),La Belle Miette,Part Ground 8 Collins Street MELBOURNE VIC 3000,4129,Other Specialised Food Retailing,144.9732576387,-37.81314318496538
2022,6,578318,573333,Melbourne (CBD),7-Eleven,"Tenancy 11, East Shard Federation Square 2 Swanston Street MELBOURNE VIC 3000",4111,Convenience Store,144.96994164279243,-37.817777826050005
2022,11,103984,103984,Melbourne (CBD),City Mart,566 Flinders Street MELBOURNE VIC 3000,4110,Supermarket and Grocery Stores,144.95533640614002,-37.82071127185
2022,11,103989,103989,Melbourne (CBD),CT Mart,534 Flinders Street MELBOURNE VIC 3000,4111,Convenience Store,144.9564351196,-37.82024151763663
2022,15,103328,103328,Melbourne (CBD),Ocean Spray International Services,Part Level 10 276 Flinders Street MELBOURNE VIC 3000,3609,Other Grocery Wholesaling,144.96508581705,-37.81765995504463
2022,15,103328,103328,Melbourne (CBD),Coles Elizabeth St,14 Elizabeth Street MELBOURNE VIC 3000,4110,Supermarket and Grocery Stores,144.96508581705,-37.81765995504463
2022,17,574438,574438,Melbourne (CBD),IGA Express Flinders Street,84 Flinders Street MELBOURNE VIC 3000,4110,Supermarket and Grocery Stores,144.97168700995002,-37.815948369203376
2022,24,103173,103173,Melbourne (CBD),7-Eleven,47 Elizabeth Street MELBOURNE VIC 3000,4111,Convenience Store,144.9641948694,-37.81712226665213
2022,25,101788,101788,Melbourne (CBD),Ezymart,"Shop 1, Centre Place MELBOURNE VIC 3000",4111,Convenience Store,144.96547439875002,-37.81664451891887
2022,25,102086,102086,Melbourne (CBD),Woolworths Metro Elizabeth St,"Part Shop 4, Ground 62 Elizabeth Street MELBOURNE VIC 3000",4110,Supermarket and Grocery Stores,144.96497351275002,-37.81654781240799
2022,25,109264,109264,Melbourne (CBD),Tropicana Juice Bar Swanston,Part Ground 61 Swanston Street MELBOURNE VIC 3000,4129,Other Specialised Food Retailing,144.96662326245,-37.81632686333168
2022,25,109265,109265,Melbourne (CBD),Ezymart Swanston Street,65 Swanston Street MELBOURNE VIC 3000,4111,Convenience Store,144.96653060483894,-37.81612998995
2022,27,103968,103968,Melbourne (CBD),Select 7,74 Flinders Lane MELBOURNE VIC 3000,4111,Convenience Store,144.9715754974218,-37.81501688045
2022,28,102063,102060,Melbourne (CBD),The Chocolate Box,"Shop 24, 45 Collins Street MELBOURNE VIC 3000",4129,Other Specialised Food Retailing,144.97262557265284,-37.81430518125
2022,31,108968,108968,Melbourne (CBD),Apna Desi Indian Grocery,"Shop 1, 625 Little Collins Street MELBOURNE VIC 3000",4110,Supermarket and Grocery Stores,144.95436479768804,-37.81818416285
2022,32,102119,102119,Melbourne (CBD),IGA Xpress Collins,"Shop 3, Ground 470 Collins Street MELBOURNE VIC 3000",4110,Supermarket and Grocery Stores,144.95833374129745,-37.81753764475
2022,4,103972,103972,Melbourne (CBD),EzyMart,Part Vault 10 379-381 Flinders Street MELBOURNE VIC 3000,4111,Convenience Store,144.9622978015492,-37.81951074765
2022,12,105399,105399,Melbourne (CBD),7-Eleven,Part Ground 26 King Street MELBOURNE VIC 3000,4111,Convenience Store,144.95746565053372,-37.81952905265
2022,14,103165,103165,Melbourne (CBD),7-Eleven,"Unit 2, Ground 1 Elizabeth Street MELBOURNE VIC 3000",4111,Convenience Store,144.96460797480603,-37.8180566348
2022,15,104010,104010,Melbourne (CBD),Flinders St Woolworths,Part 262 Flinders Street MELBOURNE VIC 3000,4110,Supermarket and Grocery Stores,144.96562559534638,-37.8176073857
2022,15,104011,104011,Melbourne (CBD),Select market,254 Flinders Street MELBOURNE VIC 3000,4129,Other Specialised Food Retailing,144.9659971438,-37.81751937795824
2022,23,108062,108062,Melbourne (CBD),Nutrition Warehouse Pty Ltd,Part Ground 43-51 Queen Street MELBOURNE VIC 3000,4129,Other Specialised Food Retailing,144.96161430864498,-37.8177382696
2022,24,108113,108113,Melbourne (CBD),7-Eleven,"Shop 1, Ground 50 Queen Street MELBOURNE VIC 3000",4111,Convenience Store,144.96218857225,-37.81758582722897
2022,33,108064,108064,Melbourne (CBD),IGA Express,Ground 85 Queen Street MELBOURNE VIC 3000,4110,Supermarket and Grocery Stores,144.96102193282508,-37.8164972607
2022,34,102133,102133,Melbourne (CBD),Woolworths Metro Little Collins Street,"Shop 1-2, 360 Collins Street MELBOURNE VIC 3000",4110,Supermarket and Grocery Stores,144.9621709685,-37.81616893999539
2022,35,102141,102141,Melbourne (CBD),Gewurzhaus,"Shop 26, Block Arcade MELBOURNE VIC 3000",4129,Other Specialised Food Retailing,144.96434075395388,-37.81552770375
2022,31,102109,102109,Melbourne (CBD),7 Eleven Store 1237w,88 Spencer Street MELBOURNE VIC 3000,4111,Convenience Store,144.95435075675,-37.81867521100554
2022,31,102112,102112,Melbourne (CBD),Breadtop,"Shop 1, 576 Collins Street MELBOURNE VIC 3000",4129,Other Specialised Food Retailing,144.95542417545,-37.81836589576574
2022,264,661677,644815,Carlton,Ezy Mart,"Shop 1, 555 Swanston Street CARLTON VIC 3053",4111,Convenience Store,144.96252240979845,-37.80570095655
2022,345,103418,103418,North Melbourne,Jean Greenie Pty Ltd,79 Errol Street NORTH MELBOURNE VIC 3051,4110,Supermarket and Grocery Stores,144.94927961445387,-37.8032762005
2022,354,108125,108125,North Melbourne,Roasting Warehouse Pty Ltd,3 Raglan Street NORTH MELBOURNE VIC 3051,3609,Other Grocery Wholesaling,144.95044166415,-37.80446348025063
2022,357,105977,105977,North Melbourne,Small Batch Roasting Co Pty Ltd,3-9 Little Howard Street NORTH MELBOURNE VIC 3051,3609,Other Grocery Wholesaling,144.9544341870062,-37.804360311
2022,358,109827,109827,North Melbourne,Simply Express Convenience Store,322 Victoria Street NORTH MELBOURNE VIC 3051,4110,Supermarket and Grocery Stores,144.9554945026,-37.80560869765101
2022,359,572114,572114,North Melbourne,Excel Food Mart,136 Peel Street NORTH MELBOURNE VIC 3051,4111,Convenience Store,144.9564949124979,-37.8047712434
2022,360,506302,506302,North Melbourne,Bean Shoots,11 Cobden Street NORTH MELBOURNE VIC 3051,3609,Other Grocery Wholesaling,144.95691166048368,-37.8053429171
2022,376,103811,103811,North Melbourne,Lucky Asia Supermarket,29 Blackwood Street NORTH MELBOURNE VIC 3051,4110,Supermarket and Grocery Stores,144.9551774613426,-37.80067720135
2022,376,103813,103813,North Melbourne,7-Eleven,39-45 Flemington Road NORTH MELBOURNE VIC 3051,4111,Convenience Store,144.9549762655968,-37.800150084950005
2022,444,705840,100852,West Melbourne (Residential),Super Convenience & Liquor,111 Batman Street WEST MELBOURNE VIC 3003,4111,Convenience Store,144.94991262279348,-37.81159413015
2022,503,632307,109449,Kensington,Savour And Grace,73-75 McClure Road KENSINGTON VIC 3031,4129,Other Specialised Food Retailing,144.92990028836095,-37.7996034328
2022,506,105423,105423,North Melbourne,Olsson's Pacific Salt,Part 63-119 Langford Street NORTH MELBOURNE VIC 3051,3609,Other Grocery Wholesaling,144.9366307691,-37.79740656545931
2022,508,103758,103758,Kensington,Dorr Paper & Food Supplies,9-15 Fink Street KENSINGTON VIC 3031,3609,Other Grocery Wholesaling,144.93369741425,-37.79718780954032
2022,508,103759,103759,Kensington,Wah Lien Trading Pty Ltd,Ground & Part Level 1 8-12 Fink Street KENSINGTON VIC 3031,3609,Other Grocery Wholesaling,144.93382249019646,-37.79767799545
2022,559,104199,104199,Kensington,Kensington IGA - Plus Liquor,16-22 Gatehouse Drive KENSINGTON VIC 3031,4110,Supermarket and Grocery Stores,144.91932140532697,-37.79199135785
2022,734,110372,110372,Southbank,Woolworths Metro Southbank,"Shop 1, 263 City Road SOUTHBANK VIC 3006",4110,Supermarket and Grocery Stores,144.9594939941902,-37.82684854435
2022,748,110435,110435,Southbank,South Melbourne Food Works,135 Wells Street SOUTHBANK VIC 3006,4110,Supermarket and Grocery Stores,144.96957121495,-37.83002099324626
2022,759,108631,108631,Melbourne (Remainder),Olam Orchards Australia Pty Ltd,"Part Unit 6, Level 4 437 St Kilda Road MELBOURNE VIC 3004",3605,Fruit and Vegetable Wholesaling,144.97753389612038,-37.83909801795
2022,760,108638,108638,Melbourne (Remainder),Urban Hub,Part Ground 479 St Kilda Road MELBOURNE VIC 3004,4111,Convenience Store,144.97855578386498,-37.84188069845
2022,781,110551,110551,Port Melbourne,ADAMS FOOD GROUP PTY LTD,"Suite 94, 21 Hall Street PORT MELBOURNE VIC 3207",3602,"Meat, Poultry and Smallgoods Wholesaling",144.9253878367231,-37.82302799475
2022,790,589450,589450,Port Melbourne,Calendar Cheese Co Pty Ltd,"Part Suite 2, Level 2 262 Lorimer Street PORT MELBOURNE VIC 3207",3603,Dairy Produce Wholesaling,144.90498155445,-37.826474855652506
2022,790,589450,589450,Port Melbourne,The Chia Co,Part Ground 262 Lorimer Street PORT MELBOURNE VIC 3207,3609,Other Grocery Wholesaling,144.90498155445,-37.826474855652506
2022,791,559376,559376,Port Melbourne,Greenham,222 Lorimer Street PORT MELBOURNE VIC 3207,3602,"Meat, Poultry and Smallgoods Wholesaling",144.90179482328125,-37.82926185745
2022,802,575821,575821,Southbank,Freshwater IGA Plus Liquor,"Shop 6, 2 Freshwater Place SOUTHBANK VIC 3006",4110,Supermarket and Grocery Stores,144.96261825100115,-37.8222167315
2022,802,575821,575821,Southbank,Saputo Dairy Australia,Level 15-16 2 Southbank Boulevard SOUTHBANK VIC 3006,3603,Dairy Produce Wholesaling,144.96261825100115,-37.8222167315
2022,808,108046,108046,Southbank,Lets Save,8 Power Street SOUTHBANK VIC 3006,4110,Supermarket and Grocery Stores,144.96119356125342,-37.8238626433
2022,861,102507,102507,South Yarra,7 Eleven,187 Domain Road SOUTH YARRA VIC 3141,4111,Convenience Store,144.98226281385,-37.83434396085672
2022,920,618951,618951,Parkville,Zouki Convenience Store,"Shop 7, 20 Flemington Road PARKVILLE VIC 3050",4111,Convenience Store,144.95500291431983,-37.79885279195
2022,931,103908,103908,Parkville,Royal Supermarket,"Tenancy 11, Ground 48 Flemington Road PARKVILLE VIC 3052",4110,Supermarket and Grocery Stores,144.9495226105,-37.793631051343525
2022,1101,108973,108973,Docklands,Sugar Station (lvl1),"Shop 4, Level 1 650 Collins Street DOCKLANDS VIC 3008",4129,Other Specialised Food Retailing,144.9522268972,-37.81841173041551
2022,1101,110843,110843,Docklands,Lindt,"Shop 65, Level 1 201 Spencer Street DOCKLANDS VIC 3008",4129,Other Specialised Food Retailing,144.9505641426,-37.814508973578526
2022,1103,599505,573403,Docklands,Victoria Point Convenience Store,762 Bourke Street DOCKLANDS VIC 3008,4111,Convenience Store,144.94735092900342,-37.81812972055
2022,1104,598658,576023,Docklands,India Impex,16A Waterview Walk DOCKLANDS VIC 3008,4111,Convenience Store,144.94799200964053,-37.8193808754
2022,1108,609480,609480,Docklands,Woolworths Victoria Harbour,Part 65 Merchant Street DOCKLANDS VIC 3008,4110,Supermarket and Grocery Stores,144.94345993523592,-37.8204455766
2022,1109,560001,560001,Docklands,IGA Express,"Tenancy 1, 18 Rakaia Way DOCKLANDS VIC 3008",4110,Supermarket and Grocery Stores,144.94123862893565,-37.8146047014
2022,1109,601809,593728,Docklands,DOCKLANDS SPICE LAB,"Shop 2G-3G, 427 Docklands Drive DOCKLANDS VIC 3008",4110,Supermarket and Grocery Stores,144.93958160663215,-37.8152440667
2022,1109,601809,593728,Docklands,HAILI PACIFIC PTY LTD,"Shop 8G, 427 Docklands Drive DOCKLANDS VIC 3008",4129,Other Specialised Food Retailing,144.93958160663215,-37.8152440667
2022,45,103315,103315,Melbourne (CBD),Haigh's Chocolates,Gnd 140 & Flrs 1-2 136-140 140 Elizabeth Street MELBOURNE VIC 3000,4129,Other Specialised Food Retailing,144.9637417596805,-37.814842558
2022,45,103318,103318,Melbourne (CBD),7-Eleven,124 Elizabeth Street MELBOURNE VIC 3000,4111,Convenience Store,144.96385982955428,-37.81506880655
2022,46,101127,101127,Melbourne (CBD),EzyMart,179 Bourke Street MELBOURNE VIC 3000,4111,Convenience Store,144.96796810475,-37.81310953331891
2022,46,105965,105965,Melbourne (CBD),Quists Coffee Shop,166 Little Collins Street MELBOURNE VIC 3000,4129,Other Specialised Food Retailing,144.9678661138662,-37.81377422315
2022,46,109409,109409,Melbourne (CBD),Woolworths Swanston St,160-162 Swanston Street MELBOURNE VIC 3000,4110,Supermarket and Grocery Stores,144.96621402736827,-37.81386661925
2022,48,101108,101108,Melbourne (CBD),7-Eleven,Ground 35-37 Bourke Street MELBOURNE VIC 3000,4111,Convenience Store,144.97219169995,-37.81185713111397
2022,52,101172,101172,Melbourne (CBD),Metro Woolworths,"Shop 9, LwrGround 600 Bourke Street MELBOURNE VIC 3000",4110,Supermarket and Grocery Stores,144.95613866809998,-37.815676162352304
2022,54,103182,103182,Melbourne (CBD),7-Eleven,Ground & Pt Lvl 1 197 Elizabeth Street MELBOURNE VIC 3000,4111,Convenience Store,144.96265027835432,-37.8137620546
2022,54,108104,108104,Melbourne (CBD),Ezymart,"Shop 1, Ground 190 Queen Street MELBOURNE VIC 3000",4111,Convenience Store,144.9606797877822,-37.8140280414
2022,56,101202,101202,Melbourne (CBD),Jerky House,"Shop 5, 206 Bourke Street MELBOURNE VIC 3000",4129,Other Specialised Food Retailing,144.96687115185,-37.81267380947152
2022,56,101204,101204,Melbourne (CBD),Unique Vintage Wines,"Shop 23A, 198 Bourke Street MELBOURNE VIC 3000",4129,Other Specialised Food Retailing,144.9672689638,-37.812419039991525
2022,61,674546,105718,Melbourne (CBD),Kyoto Mart,627-629 Lonsdale Street MELBOURNE VIC 3000,4110,Supermarket and Grocery Stores,144.9536079679469,-37.81541879235
2022,64,103193,103193,Melbourne (CBD),Xinjiang Lamian Restaurant,255 Elizabeth Street MELBOURNE VIC 3000,4129,Other Specialised Food Retailing,144.96216566199485,-37.8127430369
2022,65,105698,105698,Melbourne (CBD),Glace,Kiosk 08 287 Lonsdale Street MELBOURNE VIC 3000,4129,Other Specialised Food Retailing,144.96392893701363,-37.81247035035
2022,65,105698,105698,Melbourne (CBD),T2,Shop G44 287 Lonsdale Street MELBOURNE VIC 3000,4129,Other Specialised Food Retailing,144.96392893701363,-37.81247035035
2022,66,104784,104784,Melbourne (CBD),Wing Cheong Chinatown,14-22 Heffernan Lane MELBOURNE VIC 3000,4110,Supermarket and Grocery Stores,144.9667987039,-37.81169945346378
2022,66,105889,105889,Melbourne (CBD),Ocean King,188 Little Bourke Street MELBOURNE VIC 3000,4129,Other Specialised Food Retailing,144.96692568425,-37.81185619915
2022,67,105680,105680,Melbourne (CBD),Carmen Discount Smoke And Convenience Store,"Office 2, 139 Lonsdale Street MELBOURNE VIC 3000",4111,Convenience Store,144.96826089785,-37.81078634315927
2022,72,110708,110707,Melbourne (CBD),CT Mart,"Shop 4, 535 Little Lonsdale Street MELBOURNE VIC 3000",4111,Convenience Store,144.95600158025002,-37.81346261063083
2022,74,105737,105737,Melbourne (CBD),CBD Lonsdale Convenience Store,Ground 408 Lonsdale Street MELBOURNE VIC 3000,4111,Convenience Store,144.960327221,-37.812442152378935
2022,74,106014,106014,Melbourne (CBD),Mr Rhino,361-365 Little Lonsdale Street MELBOURNE VIC 3000,4110,Supermarket and Grocery Stores,144.96128991735,-37.81163016094391
2022,76,589841,105749,Melbourne (CBD),Woolworths,Part 5-15 QV Undercroft MELBOURNE VIC 3000,4110,Supermarket and Grocery Stores,144.965725053002,-37.81067861705
2022,76,589841,105749,Melbourne (CBD),Ezymart,190 Lonsdale Street MELBOURNE VIC 3000,4111,Convenience Store,144.965725053002,-37.81067861705
2022,85,105746,105746,Melbourne (CBD),PANTRE FINE FOOD AND ASIAN GROCERIES,"Shop 8-9, LwrGround 300 Lonsdale Street MELBOURNE VIC 3000",4110,Supermarket and Grocery Stores,144.96283887063584,-37.8109017475
2022,85,105746,105746,Melbourne (CBD),T2,"Shop 49, Ground 300 Lonsdale Street MELBOURNE VIC 3000",4129,Other Specialised Food Retailing,144.96283887063584,-37.8109017475
2022,85,109309,109309,Melbourne (CBD),EzyMart,323 Swanston Street MELBOURNE VIC 3000,4111,Convenience Store,144.96404920623553,-37.8107658111
2022,93,105477,105477,Melbourne (CBD),Urban Hub,Part Ground 380-390 La Trobe Street MELBOURNE VIC 3000,4111,Convenience Store,144.95805069635,-37.81091259571215
2022,94,103216,103216,Melbourne (CBD),Smile Bread,369 Elizabeth Street MELBOURNE VIC 3000,4129,Other Specialised Food Retailing,144.96084965185,-37.81001419111698
2022,94,103216,103216,Melbourne (CBD),Crown Asian Supermarket,385 Elizabeth Street MELBOURNE VIC 3000,4110,Supermarket and Grocery Stores,144.96084965185,-37.81001419111698
2022,97,103615,103615,Melbourne (CBD),Exhibition Street IGA X-Press,Ground & Part Mezz 333 Exhibition Street MELBOURNE VIC 3000,4111,Convenience Store,144.96805995219304,-37.80780089184999
2022,97,106368,106368,Melbourne (CBD),Wantsmart,35 MacKenzie Street MELBOURNE VIC 3000,4111,Convenience Store,144.9669523088,-37.80781130339424
2022,103,621414,621414,Melbourne (CBD),City Mart Australia,222 A'Beckett Street MELBOURNE VIC 3000,4111,Convenience Store,144.956599166207,-37.8101725435
2022,105,103301,103301,Melbourne (CBD),EzyMart,Part 125 Franklin Street MELBOURNE VIC 3000,4111,Convenience Store,144.96085872234173,-37.8083080579
2022,111,108947,108947,West Melbourne (Residential),AC Mart,57 Dudley Street WEST MELBOURNE VIC 3003,4111,Convenience Store,144.95058758714094,-37.810256787
2022,113,110673,108118,Melbourne (CBD),QVM Vitamins,95-97 Victoria Street MELBOURNE VIC 3000,4129,Other Specialised Food Retailing,144.9576272223,-37.80783257422127
2022,113,110674,108118,Melbourne (CBD),Vic Market Stalls Shed A,Shed A Queen Victoria Market 90 Peel Street MELBOURNE VIC 3000,4122,Fruit and Vegetable Retailing,144.9576272223,-37.80783257422127
2022,113,110675,108118,Melbourne (CBD),Vic Market Stalls Shed B,Shed B Queen Victoria Market 84 Peel Street MELBOURNE VIC 3000,4122,Fruit and Vegetable Retailing,144.9576272223,-37.80783257422127
2022,113,110682,108118,Melbourne (CBD),Vic Market Stalls Shed L,Shed L Queen Victoria Market 54 Peel Street MELBOURNE VIC 3000,4122,Fruit and Vegetable Retailing,144.9576272223,-37.80783257422127
2022,113,110689,108118,Melbourne (CBD),Yianis Seafood,"Stall 33, 525 Elizabeth Street MELBOURNE VIC 3000",4121,"Fresh Meat, Fish and Poultry Retailing",144.9576272223,-37.80783257422127
2022,113,110689,108118,Melbourne (CBD),QV Meats,"Stall 39, 525 Elizabeth Street MELBOURNE VIC 3000",4121,"Fresh Meat, Fish and Poultry Retailing",144.9576272223,-37.80783257422127
2022,113,110689,108118,Melbourne (CBD),Thompsons Unique Meats,"Stall 12-13, 525 Elizabeth Street MELBOURNE VIC 3000",4121,"Fresh Meat, Fish and Poultry Retailing",144.9576272223,-37.80783257422127
2022,113,110689,108118,Melbourne (CBD),Sardes Quality Meat Pty Ltd,"Stall 10, 525 Elizabeth Street MELBOURNE VIC 3000",4121,"Fresh Meat, Fish and Poultry Retailing",144.9576272223,-37.80783257422127
2022,113,110689,108118,Melbourne (CBD),Queen Vic Gourmet Meats,"Stall 22, 525 Elizabeth Street MELBOURNE VIC 3000",4121,"Fresh Meat, Fish and Poultry Retailing",144.9576272223,-37.80783257422127
2022,113,110689,108118,Melbourne (CBD),Hagen's Organics,"Stall 16, 525 Elizabeth Street MELBOURNE VIC 3000",4121,"Fresh Meat, Fish and Poultry Retailing",144.9576272223,-37.80783257422127
2022,113,110689,108118,Melbourne (CBD),Primo @ Vic,"Stall 6, 525 Elizabeth Street MELBOURNE VIC 3000",4121,"Fresh Meat, Fish and Poultry Retailing",144.9576272223,-37.80783257422127
2022,113,110689,108118,Melbourne (CBD),Poultry King,"Stall 8, 525 Elizabeth Street MELBOURNE VIC 3000",4121,"Fresh Meat, Fish and Poultry Retailing",144.9576272223,-37.80783257422127
2022,113,110689,108118,Melbourne (CBD),George The Fishmonger,"Stall 35, 525 Elizabeth Street MELBOURNE VIC 3000",4121,"Fresh Meat, Fish and Poultry Retailing",144.9576272223,-37.80783257422127
2022,113,110689,108118,Melbourne (CBD),TT's Bros,"Stall 25, 525 Elizabeth Street MELBOURNE VIC 3000",4121,"Fresh Meat, Fish and Poultry Retailing",144.9576272223,-37.80783257422127
2022,113,110689,108118,Melbourne (CBD),Amott Quality Meats,"Stall 38, 525 Elizabeth Street MELBOURNE VIC 3000",4121,"Fresh Meat, Fish and Poultry Retailing",144.9576272223,-37.80783257422127
2022,113,110689,108118,Melbourne (CBD),W R King (Smallgoods) Pty Limited,"Stall 24, 525 Elizabeth Street MELBOURNE VIC 3000",4121,"Fresh Meat, Fish and Poultry Retailing",144.9576272223,-37.80783257422127
2022,113,110691,108118,Melbourne (CBD),Bills Farm,"Stall 17-20, 60 Therry Street MELBOURNE VIC 3000",4129,Other Specialised Food Retailing,144.9576272223,-37.80783257422127
2022,113,110691,108118,Melbourne (CBD),McIver's Coffee & Tea Merchants,"Stall 101-102, 60 Therry Street MELBOURNE VIC 3000",4129,Other Specialised Food Retailing,144.9576272223,-37.80783257422127
2022,113,110691,108118,Melbourne (CBD),Mork Chocolate,"Stall 51-54, 60 Therry Street MELBOURNE VIC 3000",4129,Other Specialised Food Retailing,144.9576272223,-37.80783257422127
2022,113,110691,108118,Melbourne (CBD),The Land Of Soy & Honey,"Stall 10-11, 60 Therry Street MELBOURNE VIC 3000",4129,Other Specialised Food Retailing,144.9576272223,-37.80783257422127
2022,113,110691,108118,Melbourne (CBD),Hellenic Deli,"Stall 39-40, 60 Therry Street MELBOURNE VIC 3000",4129,Other Specialised Food Retailing,144.9576272223,-37.80783257422127
2022,113,110691,108118,Melbourne (CBD),Curds & Whey,"Stall 12-13, 60 Therry Street MELBOURNE VIC 3000",4129,Other Specialised Food Retailing,144.9576272223,-37.80783257422127
2022,113,110691,108118,Melbourne (CBD),Tribal Tastes Foods,"Stall 83, 60 Therry Street MELBOURNE VIC 3000",4129,Other Specialised Food Retailing,144.9576272223,-37.80783257422127
2022,113,110691,108118,Melbourne (CBD),The Corner Larder,"Stall 33-35, 60 Therry Street MELBOURNE VIC 3000",4129,Other Specialised Food Retailing,144.9576272223,-37.80783257422127
2022,113,110691,108118,Melbourne (CBD),Queen Vic Deli,"Stall 36-38, 60 Therry Street MELBOURNE VIC 3000",4129,Other Specialised Food Retailing,144.9576272223,-37.80783257422127
2022,113,110695,108118,Melbourne (CBD),Vic Market Stalls Shed I,Shed I Queen Victoria Market Therry Street MELBOURNE VIC 3000,4122,Fruit and Vegetable Retailing,144.9576272223,-37.80783257422127
2022,125,103292,103292,Melbourne (CBD),City Mart,516 Elizabeth Street MELBOURNE VIC 3000,4110,Supermarket and Grocery Stores,144.96018647435,-37.80670866351882
2022,131,103978,111287,Docklands,WTC Express,"Shop 7, Ground 18-38 Siddeley Street DOCKLANDS VIC 3008",4111,Convenience Store,144.9537825432986,-37.8225810113
2022,206,106134,106134,Carlton,The Original Lolly Store,267 Lygon Street CARLTON VIC 3053,4129,Other Specialised Food Retailing,144.96688492322434,-37.79920312765
2022,218,106205,106205,Carlton,DOC Delicatessen,330 Lygon Street CARLTON VIC 3053,4129,Other Specialised Food Retailing,144.96748376871662,-37.7992631858
2022,218,106222,106222,Carlton,EzyMart,Part Ground 272 Lygon Street CARLTON VIC 3053,4111,Convenience Store,144.96724408945,-37.80052682305912
2022,232,106944,106944,Carlton,Al Dente Sapori,Part 161-163 Nicholson Street CARLTON VIC 3053,4129,Other Specialised Food Retailing,144.97480120489553,-37.7963886722
2022,246,106098,106098,Carlton,7 Eleven,161 Lygon Street CARLTON VIC 3053,4111,Convenience Store,144.96648211908808,-37.8019105177
2022,255,109366,109366,Carlton,Yahveh Asian Grocery,600 Swanston Street CARLTON VIC 3053,4110,Supermarket and Grocery Stores,144.96394524391638,-37.80276992985
2022,260,103262,103262,Carlton,Royal Xpress Mini Mart Plus Liquor,690 Elizabeth Street MELBOURNE VIC 3000,4110,Supermarket and Grocery Stores,144.9582450128438,-37.8021910988
2022,261,103278,103278,Carlton,Kt Mart,Ground & Part Level 1 594 Elizabeth Street MELBOURNE VIC 3000,4110,Supermarket and Grocery Stores,144.9591349965303,-37.8044164118
2022,1109,627658,627658,Docklands,Urban Hub Food & Liquor New Quay,4 Marmion Place DOCKLANDS VIC 3008,4110,Supermarket and Grocery Stores,144.94219063235386,-37.8134322335
2022,1110,593729,593729,Docklands,Woolworths,"Shop 5-7, Ground 90 Waterfront Way DOCKLANDS VIC 3008",4110,Supermarket and Grocery Stores,144.93944449055613,-37.81215075265
2022,1110,593729,593729,Docklands,The Butcher Club,"Shop 3-4, Ground 90 Waterfront Way DOCKLANDS VIC 3008",4121,"Fresh Meat, Fish and Poultry Retailing",144.93944449055613,-37.81215075265
2022,1110,593729,593729,Docklands,Dan Murphy's,"Shop 9, Ground 90 Waterfront Way DOCKLANDS VIC 3008",4110,Supermarket and Grocery Stores,144.93944449055613,-37.81215075265
2022,2392,617402,617402,North Melbourne,Melrose Convenience Store,39 Melrose Street NORTH MELBOURNE VIC 3051,4111,Convenience Store,144.9414035963,-37.79501732425005
2022,2524,615983,615983,Kensington,Juicy Fruits Kensington,492 Macaulay Road KENSINGTON VIC 3031,4122,Fruit and Vegetable Retailing,144.9296680037,-37.79412622379253
2022,2538,616156,616156,Kensington,Adore Estate Coffee,40 Stubbs Street KENSINGTON VIC 3031,3609,Other Grocery Wholesaling,144.93519173586924,-37.79045306815
2022,2539,614668,614668,Kensington,Fruit Master Australia,74-80 Stubbs Street KENSINGTON VIC 3031,3605,Fruit and Vegetable Wholesaling,144.93527484161493,-37.79156106325
2022,2544,615428,615428,Kensington,Rumble Coffee Roasters,8 Thompson Street KENSINGTON VIC 3031,3609,Other Grocery Wholesaling,144.93443866439998,-37.79233549849109
2022,35,103323,103323,Melbourne (CBD),Great Earth Super Discount Health Shop,90 Elizabeth Street MELBOURNE VIC 3000,4129,Other Specialised Food Retailing,144.96420673062835,-37.8158025536
2022,35,105920,105920,Melbourne (CBD),T2,269 Little Collins Street MELBOURNE VIC 3000,4129,Other Specialised Food Retailing,144.96554203515,-37.81485413623069
2022,35,109267,109267,Melbourne (CBD),Koko Black,"Shop 2, Ground 220 Collins Street MELBOURNE VIC 3000",4129,Other Specialised Food Retailing,144.9661030243,-37.81529690772045
2022,43,108068,108068,Melbourne (CBD),Ezymart Queen Street,Ground & Part Level 2 123 Queen Street MELBOURNE VIC 3000,4111,Convenience Store,144.96063602022025,-37.81581228435
